lncRNA_name,score
ZNF718,1.0
MIR4313,1.0
PLK1S1,1.0
PCOLCE-AS1,1.0
PCED1B-AS1,1.0
PCAT7,1.0
PCAT6,1.0
PAXBP1-AS1,1.0
PARD3-AS1,1.0
PAN3-AS1,1.0
OVOL1-AS1,1.0
OTX2-AS1,1.0
OSTM1-AS1,1.0
OSER1-AS1,1.0
NTRK3-AS1,1.0
NR2F2-AS1,1.0
NPSR1-AS1,1.0
NFE4,1.0
NEBL-AS1,1.0
NDST2,1.0
NBPF1,1.0
NAV2-AS5,1.0
MYLK-AS1,1.0
MTUS2-AS1,1.0
MNX1-AS1,1.0
MMRN2,1.0
MIRLET7DHG,1.0
MIR4500HG,1.0
MIR4458HG,1.0
PRKAG2-AS1,1.0
PSMD5-AS1,1.0
PSMD6-AS2,1.0
RP11-1008C21.1,1.0
RP11-111J6.2,1.0
RP11-111E14.1,1.0
RP11-1114A5.4,1.0
RP11-10N23.4,1.0
RP11-10N16.2,1.0
RP11-10K16.1,1.0
RP11-109D9.4,1.0
RP11-1070N10.4,1.0
RP11-106M3.3,1.0
RP11-1069G10.2,1.0
RP11-102M11.2,1.0
RP11-102L12.2,1.0
RP11-1007O24.2,1.0
PTRH1,1.0
RP11-1006G14.1,1.0
RHPN1-AS1,1.0
RGMB-AS1,1.0
RFTN1P1,1.0
RCL1,1.0
RBFADN,1.0
RASSF8-AS1,1.0
RAPGEF4-AS1,1.0
PXN-AS1,1.0
PWAR6,1.0
PVT1,1.0
PVRL3-AS1,1.0
MIR4435-1HG,1.0
